{
  "partners": [
    {
      "firstName": "Justina",
      "lastName": "Melkonian",
      "email": "jmelkonian@hubspotpartners.com",
      "country": "United States",
      "availableDates": [
        "2017-04-25",
        "2017-04-27",
        "2017-04-30",
        "2017-05-01",
        "2017-05-02",
        "2017-05-06",
        "2017-05-07",
        "2017-05-11"
      ]
    },
    {
      "firstName": "Daryl",
      "lastName": "Yellow",
      "email": "dyellow@hubspotpartners.com",
      "country": "United States",
      "availableDates": [
        "2017-04-26",
        "2017-04-27",
        "2017-04-30",
        "2017-05-01",
        "2017-05-02",
        "2017-05-06",
        "2017-05-07"
      ]
    },
    {
      "firstName": "Albert",
      "lastName": "Renshaw",
      "email": "arenshaw@hubspotpartners.com",
      "country": "United States",
      "availableDates": [
        "2017-04-24",
        "2017-04-25",
        "2017-04-26",
        "2017-04-29",
        "2017-04-30",
        "2017-05-01",
        "2017-05-02",
        "2017-05-05",
        "2017-05-06",
        "2017-05-07",
        "2017-05-11"
      ]
    },
    {
      "firstName": "Herlinda",
      "lastName": "Fuoco",
      "email": "hfuoco@hubspotpartners.com",
      "country": "United States",
      "availableDates": [
        "2017-04-23",
        "2017-04-25",
        "2017-04-26",
        "2017-04-29",
        "2017-04-30",
        "2017-05-01",
        "2017-05-02",
        "2017-05-06",
        "2017-05-07",
        "2017-05-08"
      ]
    },
    {
      "firstName": "Grisel",
      "lastName": "Rockey",
      "email": "grockey@hubspotpartners.com",
      "country": "United States",
      "availableDates": [
        "2017-04-27",
        "2017-04-28",
        "2017-05-01",
        "2017-05-02",
        "2017-05-06",
        "2017-05-07",
        "2017-05-15"
      ]
    },
    {
      "firstName": "Velda",
      "lastName": "Legall",
      "email": "vlegall@hubspotpartners.com",
      "country": "United States",
      "availableDates": [
        "2017-04-26",
        "2017-04-30",
        "2017-05-01",
        "2017-05-02",
        "2017-05-06",
        "2017-05-07",
        "2017-05-08"
      ]
    },
    {
      "firstName": "Eddie",
      "lastName": "Gismondi",
      "email": "egismondi@hubspotpartners.com",
      "country": "United States",
      "availableDates": [
        "2017-05-01",
        "2017-05-02",
        "2017-05-05",
        "2017-05-06",
        "2017-05-07",
        "2017-05-08",
        "2017-05-10",
        "2017-05-11"
      ]
    },
    {
      "firstName": "Trula",
      "lastName": "Malinski",
      "email": "tmalinski@hubspotpartners.com",
      "country": "United States",
      "availableDates": [
        "2017-04-26",
        "2017-04-29",
        "2017-04-30",
        "2017-05-01",
        "2017-05-02",
        "2017-05-06",
        "2017-05-07",
        "2017-05-09",
        "2017-05-16"
      ]
    },
    {
      "firstName": "Anissa",
      "lastName": "Reardon",
      "email": "areardon@hubspotpartners.com",
      "country": "United States",
      "availableDates": [
        "2017-04-25",
        "2017-04-26",
        "2017-04-27",
        "2017-04-30",
        "2017-05-01",
        "2017-05-02",
        "2017-05-06",
        "2017-05-07",
        "2017-05-08",
        "2017-05-11"
      ]
    },
    {
      "firstName": "Yolonda",
      "lastName": "Lindboe",
      "email": "ylindboe@hubspotpartners.com",
      "country": "United States",
      "availableDates": [
        "2017-04-26",
        "2017-04-27",
        "2017-04-29",
        "2017-05-01",
        "2017-05-02",
        "2017-05-05",
        "2017-05-06",
        "2017-05-07"
      ]
    },
    {
      "firstName": "Kimbra",
      "lastName": "Gardunio",
      "email": "kgardunio@hubspotpartners.com",
      "country": "United States",
      "availableDates": [
        "2017-04-23",
        "2017-04-26",
        "2017-05-01",
        "2017-05-02",
        "2017-05-05",
        "2017-05-06",
        "2017-05-07",
        "2017-05-10",
        "2017-05-11"
      ]
    },
    {
      "firstName": "Rosalba",
      "lastName": "Duffer",
      "email": "rduffer@hubspotpartners.com",
      "country": "United States",
      "availableDates": [
        "2017-04-23",
        "2017-04-28",
        "2017-05-01",
        "2017-05-02",
        "2017-05-06",
        "2017-05-07",
        "2017-05-16"
      ]
    },
    {
      "firstName": "Florinda",
      "lastName": "Mccomish",
      "email": "fmccomish@hubspotpartners.com",
      "country": "United States",
      "availableDates": [
        "2017-04-23",
        "2017-04-25",
        "2017-04-26",
        "2017-05-01",
        "2017-05-02",
        "2017-05-03",
        "2017-05-06",
        "2017-05-07",
        "2017-05-08",
        "2017-05-09",
        "2017-05-16"
      ]
    },
    {
      "firstName": "Genna",
      "lastName": "Hjort",
      "email": "ghjort@hubspotpartners.com",
      "country": "United States",
      "availableDates": [
        "2017-04-25",
        "2017-05-01",
        "2017-05-02",
        "2017-05-05",
        "2017-05-06",
        "2017-05-07",
        "2017-05-08"
      ]
    },
    {
      "firstName": "Leonor",
      "lastName": "Kirstein",
      "email": "lkirstein@hubspotpartners.com",
      "country": "United States",
      "availableDates": [
        "2017-04-24",
        "2017-04-26",
        "2017-04-29",
        "2017-05-05",
        "2017-05-08",
        "2017-05-11"
      ]
    },
    {
      "firstName": "Cristie",
      "lastName": "Beyah",
      "email": "cbeyah@hubspotpartners.com",
      "country": "United States",
      "availableDates": [
        "2017-04-25",
        "2017-04-29",
        "2017-04-30",
        "2017-05-04",
        "2017-05-11"
      ]
    },
    {
      "firstName": "Eartha",
      "lastName": "Colvin",
      "email": "ecolvin@hubspotpartners.com",
      "country": "United States",
      "availableDates": [
        "2017-04-23",
        "2017-04-24",
        "2017-05-08",
        "2017-05-11",
        "2017-05-14"
      ]
    },
    {
      "firstName": "Delilah",
      "lastName": "Konz",
      "email": "dkonz@hubspotpartners.com",
      "country": "United States",
      "availableDates": [
        "2017-04-29",
        "2017-05-08",
        "2017-05-10",
        "2017-05-12"
      ]
    },
    {
      "firstName": "Brandie",
      "lastName": "Carmicheal",
      "email": "bcarmicheal@hubspotpartners.com",
      "country": "United States",
      "availableDates": [
        "2017-04-29",
        "2017-05-05",
        "2017-05-11"
      ]
    },
    {
      "firstName": "Carly",
      "lastName": "Verhey",
      "email": "cverhey@hubspotpartners.com",
      "country": "United States",
      "availableDates": [
        "2017-04-23",
        "2017-04-25",
        "2017-04-29",
        "2017-05-10"
      ]
    },
    {
      "firstName": "Kyle",
      "lastName": "Harvel",
      "email": "kharvel@hubspotpartners.com",
      "country": "United States",
      "availableDates": [
        "2017-04-23"
      ]
    },
    {
      "firstName": "Beau",
      "lastName": "Reksten",
      "email": "breksten@hubspotpartners.com",
      "country": "United States",
      "availableDates": [
        "2017-04-23",
        "2017-04-29",
        "2017-05-05",
        "2017-05-11"
      ]
    },
    {
      "firstName": "Jan",
      "lastName": "Cassius",
      "email": "jcassius@hubspotpartners.com",
      "country": "United States",
      "availableDates": [
        "2017-04-26",
        "2017-04-29",
        "2017-05-11"
      ]
    },
    {
      "firstName": "Elizabet",
      "lastName": "Kraling",
      "email": "ekraling@hubspotpartners.com",
      "country": "United States",
      "availableDates": [
        "2017-04-26",
        "2017-04-27",
        "2017-04-29"
      ]
    },
    {
      "firstName": "Macy",
      "lastName": "Piel",
      "email": "mpiel@hubspotpartners.com",
      "country": "Ireland",
      "availableDates": [
        "2017-06-20",
        "2017-06-21",
        "2017-06-24",
        "2017-06-29",
        "2017-07-02",
        "2017-07-04",
        "2017-07-05",
        "2017-07-06"
      ]
    },
    {
      "firstName": "Annamarie",
      "lastName": "Roy",
      "email": "aroy@hubspotpartners.com",
      "country": "Ireland",
      "availableDates": [
        "2017-06-20",
        "2017-06-21",
        "2017-06-22",
        "2017-07-05",
        "2017-07-06",
        "2017-07-08"
      ]
    },
    {
      "firstName": "Eboni",
      "lastName": "Riddick",
      "email": "eriddick@hubspotpartners.com",
      "country": "Ireland",
      "availableDates": [
        "2017-06-20",
        "2017-06-21",
        "2017-06-24",
        "2017-06-30",
        "2017-07-04",
        "2017-07-05",
        "2017-07-06",
        "2017-07-07",
        "2017-07-08",
        "2017-07-09",
        "2017-07-11"
      ]
    },
    {
      "firstName": "Wanita",
      "lastName": "Nagao",
      "email": "wnagao@hubspotpartners.com",
      "country": "Ireland",
      "availableDates": [
        "2017-06-20",
        "2017-06-21",
        "2017-06-28",
        "2017-07-01",
        "2017-07-02",
        "2017-07-04",
        "2017-07-05",
        "2017-07-06",
        "2017-07-07",
        "2017-07-14"
      ]
    },
    {
      "firstName": "Amparo",
      "lastName": "Warehime",
      "email": "awarehime@hubspotpartners.com",
      "country": "Ireland",
      "availableDates": [
        "2017-06-20",
        "2017-06-21",
        "2017-06-24",
        "2017-07-01",
        "2017-07-02",
        "2017-07-05",
        "2017-07-06"
      ]
    },
    {
      "firstName": "Aretha",
      "lastName": "Gumphrey",
      "email": "agumphrey@hubspotpartners.com",
      "country": "Ireland",
      "availableDates": [
        "2017-06-20",
        "2017-06-21",
        "2017-06-22",
        "2017-06-23",
        "2017-06-24",
        "2017-06-27",
        "2017-06-30",
        "2017-07-05",
        "2017-07-06",
        "2017-07-09"
      ]
    },
    {
      "firstName": "Lekisha",
      "lastName": "Herwehe",
      "email": "lherwehe@hubspotpartners.com",
      "country": "Ireland",
      "availableDates": [
        "2017-06-20",
        "2017-06-21",
        "2017-06-22",
        "2017-06-23",
        "2017-06-24",
        "2017-06-29",
        "2017-06-30",
        "2017-07-04",
        "2017-07-05",
        "2017-07-06",
        "2017-07-13"
      ]
    },
    {
      "firstName": "Maurita",
      "lastName": "Valenza",
      "email": "mvalenza@hubspotpartners.com",
      "country": "Ireland",
      "availableDates": [
        "2017-06-20",
        "2017-06-21",
        "2017-06-29",
        "2017-06-30",
        "2017-07-01",
        "2017-07-05",
        "2017-07-06",
        "2017-07-08",
        "2017-07-09"
      ]
    },
    {
      "firstName": "Heidi",
      "lastName": "Schoemaker",
      "email": "hschoemaker@hubspotpartners.com",
      "country": "Ireland",
      "availableDates": [
        "2017-06-20",
        "2017-06-21",
        "2017-06-24",
        "2017-07-01",
        "2017-07-05",
        "2017-07-06"
      ]
    },
    {
      "firstName": "Linwood",
      "lastName": "Hagey",
      "email": "lhagey@hubspotpartners.com",
      "country": "Ireland",
      "availableDates": [
        "2017-06-20",
        "2017-06-21",
        "2017-07-01",
        "2017-07-05",
        "2017-07-06",
        "2017-07-07",
        "2017-07-08",
        "2017-07-12"
      ]
    },
    {
      "firstName": "Rheba",
      "lastName": "Percival",
      "email": "rpercival@hubspotpartners.com",
      "country": "Ireland",
      "availableDates": [
        "2017-06-20",
        "2017-06-21",
        "2017-06-24",
        "2017-06-27",
        "2017-07-01",
        "2017-07-02",
        "2017-07-05",
        "2017-07-06"
      ]
    },
    {
      "firstName": "Laurice",
      "lastName": "Wehrenberg",
      "email": "lwehrenberg@hubspotpartners.com",
      "country": "Ireland",
      "availableDates": [
        "2017-06-20",
        "2017-06-21",
        "2017-06-24",
        "2017-06-29",
        "2017-07-01",
        "2017-07-04",
        "2017-07-05",
        "2017-07-06"
      ]
    },
    {
      "firstName": "Nellie",
      "lastName": "Bryans",
      "email": "nbryans@hubspotpartners.com",
      "country": "Ireland",
      "availableDates": [
        "2017-06-20",
        "2017-06-21",
        "2017-06-22",
        "2017-06-24",
        "2017-06-27",
        "2017-07-01",
        "2017-07-04",
        "2017-07-05",
        "2017-07-06",
        "2017-07-12"
      ]
    },
    {
      "firstName": "Shaquita",
      "lastName": "Lacson",
      "email": "slacson@hubspotpartners.com",
      "country": "Ireland",
      "availableDates": [
        "2017-06-20",
        "2017-06-21",
        "2017-06-22",
        "2017-07-01",
        "2017-07-05",
        "2017-07-06",
        "2017-07-08"
      ]
    },
    {
      "firstName": "Maile",
      "lastName": "Grabow",
      "email": "mgrabow@hubspotpartners.com",
      "country": "Ireland",
      "availableDates": [
        "2017-06-20",
        "2017-06-21",
        "2017-06-27",
        "2017-07-01",
        "2017-07-04",
        "2017-07-05",
        "2017-07-06"
      ]
    },
    {
      "firstName": "Vina",
      "lastName": "Mumford",
      "email": "vmumford@hubspotpartners.com",
      "country": "Ireland",
      "availableDates": [
        "2017-06-24",
        "2017-06-27",
        "2017-07-04",
        "2017-07-09"
      ]
    },
    {
      "firstName": "Toney",
      "lastName": "Roscow",
      "email": "troscow@hubspotpartners.com",
      "country": "Ireland",
      "availableDates": [
        "2017-06-24",
        "2017-06-30",
        "2017-07-01",
        "2017-07-04",
        "2017-07-09"
      ]
    },
    {
      "firstName": "Herta",
      "lastName": "Hosseini",
      "email": "hhosseini@hubspotpartners.com",
      "country": "Ireland",
      "availableDates": [
        "2017-06-22",
        "2017-06-27",
        "2017-06-30",
        "2017-07-04",
        "2017-07-09"
      ]
    },
    {
      "firstName": "Rhoda",
      "lastName": "Ramphal",
      "email": "rramphal@hubspotpartners.com",
      "country": "Ireland",
      "availableDates": [
        "2017-06-24",
        "2017-06-28",
        "2017-07-04"
      ]
    },
    {
      "firstName": "Jolene",
      "lastName": "Mcleod",
      "email": "jmcleod@hubspotpartners.com",
      "country": "Ireland",
      "availableDates": [
        "2017-06-27"
      ]
    },
    {
      "firstName": "Marget",
      "lastName": "Arno",
      "email": "marno@hubspotpartners.com",
      "country": "Ireland",
      "availableDates": [
        "2017-06-22",
        "2017-07-01"
      ]
    },
    {
      "firstName": "Eleanore",
      "lastName": "Wicklund",
      "email": "ewicklund@hubspotpartners.com",
      "country": "Ireland",
      "availableDates": [
        "2017-06-30",
        "2017-07-02"
      ]
    },
    {
      "firstName": "Reynalda",
      "lastName": "Heagany",
      "email": "rheagany@hubspotpartners.com",
      "country": "Ireland",
      "availableDates": [
        "2017-06-27",
        "2017-06-28",
        "2017-06-29",
        "2017-07-03",
        "2017-07-08"
      ]
    },
    {
      "firstName": "Rozella",
      "lastName": "Stockert",
      "email": "rstockert@hubspotpartners.com",
      "country": "Ireland",
      "availableDates": [
        "2017-07-04",
        "2017-07-11"
      ]
    },
    {
      "firstName": "Major",
      "lastName": "Earley",
      "email": "mearley@hubspotpartners.com",
      "country": "Ireland",
      "availableDates": [
        "2017-07-01"
      ]
    },
    {
      "firstName": "Maurine",
      "lastName": "Heizman",
      "email": "mheizman@hubspotpartners.com",
      "country": "Spain",
      "availableDates": [
        "2017-05-18",
        "2017-05-19",
        "2017-05-24",
        "2017-05-25",
        "2017-05-28",
        "2017-05-29",
        "2017-06-01"
      ]
    },
    {
      "firstName": "Valarie",
      "lastName": "Laudato",
      "email": "vlaudato@hubspotpartners.com",
      "country": "Spain",
      "availableDates": [
        "2017-05-16",
        "2017-05-18",
        "2017-05-19",
        "2017-05-21",
        "2017-05-24",
        "2017-05-25",
        "2017-05-26",
        "2017-05-27",
        "2017-05-29",
        "2017-06-03",
        "2017-06-04"
      ]
    },
    {
      "firstName": "Anneliese",
      "lastName": "Mustaro",
      "email": "amustaro@hubspotpartners.com",
      "country": "Spain",
      "availableDates": [
        "2017-05-18",
        "2017-05-19",
        "2017-05-22",
        "2017-05-23",
        "2017-05-24",
        "2017-05-25",
        "2017-05-26",
        "2017-06-02",
        "2017-06-03"
      ]
    },
    {
      "firstName": "Jenni",
      "lastName": "Osley",
      "email": "josley@hubspotpartners.com",
      "country": "Spain",
      "availableDates": [
        "2017-05-16",
        "2017-05-18",
        "2017-05-19",
        "2017-05-21",
        "2017-05-24",
        "2017-05-25",
        "2017-05-26",
        "2017-05-27",
        "2017-06-02",
        "2017-06-03",
        "2017-06-04"
      ]
    },
    {
      "firstName": "Stasia",
      "lastName": "Defusco",
      "email": "sdefusco@hubspotpartners.com",
      "country": "Spain",
      "availableDates": [
        "2017-05-17",
        "2017-05-18",
        "2017-05-19",
        "2017-05-21",
        "2017-05-22",
        "2017-05-24",
        "2017-05-25",
        "2017-05-27",
        "2017-05-29",
        "2017-05-31"
      ]
    },
    {
      "firstName": "Betty",
      "lastName": "Shipwash",
      "email": "bshipwash@hubspotpartners.com",
      "country": "Spain",
      "availableDates": [
        "2017-05-17",
        "2017-05-18",
        "2017-05-19",
        "2017-05-22",
        "2017-05-24",
        "2017-05-25",
        "2017-05-28",
        "2017-05-31",
        "2017-06-01",
        "2017-06-02",
        "2017-06-03"
      ]
    },
    {
      "firstName": "Brent",
      "lastName": "Baracani",
      "email": "bbaracani@hubspotpartners.com",
      "country": "Spain",
      "availableDates": [
        "2017-05-18",
        "2017-05-19",
        "2017-05-20",
        "2017-05-22",
        "2017-05-24",
        "2017-05-25",
        "2017-05-28",
        "2017-05-30",
        "2017-06-02"
      ]
    },
    {
      "firstName": "Inez",
      "lastName": "Carrig",
      "email": "icarrig@hubspotpartners.com",
      "country": "Spain",
      "availableDates": [
        "2017-05-18",
        "2017-05-19",
        "2017-05-24",
        "2017-05-25",
        "2017-05-27",
        "2017-05-28",
        "2017-05-29",
        "2017-05-30",
        "2017-05-31"
      ]
    },
    {
      "firstName": "Vannesa",
      "lastName": "Dellapina",
      "email": "vdellapina@hubspotpartners.com",
      "country": "Spain",
      "availableDates": [
        "2017-05-18",
        "2017-05-19",
        "2017-05-21",
        "2017-05-23",
        "2017-05-24",
        "2017-05-25",
        "2017-05-27",
        "2017-05-30",
        "2017-06-01",
        "2017-06-07"
      ]
    },
    {
      "firstName": "Guadalupe",
      "lastName": "Chesla",
      "email": "gchesla@hubspotpartners.com",
      "country": "Spain",
      "availableDates": [
        "2017-05-18",
        "2017-05-19",
        "2017-05-21",
        "2017-05-22",
        "2017-05-24",
        "2017-05-25",
        "2017-05-27",
        "2017-05-28",
        "2017-06-03"
      ]
    },
    {
      "firstName": "Wiley",
      "lastName": "Trilling",
      "email": "wtrilling@hubspotpartners.com",
      "country": "Spain",
      "availableDates": [
        "2017-05-16",
        "2017-05-18",
        "2017-05-19",
        "2017-05-20",
        "2017-05-22",
        "2017-05-24",
        "2017-05-25",
        "2017-05-27",
        "2017-05-29",
        "2017-06-02"
      ]
    },
    {
      "firstName": "Nieves",
      "lastName": "Shimon",
      "email": "nshimon@hubspotpartners.com",
      "country": "Spain",
      "availableDates": [
        "2017-05-17",
        "2017-05-18",
        "2017-05-19",
        "2017-05-22",
        "2017-05-24",
        "2017-05-25",
        "2017-05-28",
        "2017-05-31",
        "2017-06-01",
        "2017-06-02",
        "2017-06-03"
      ]
    },
    {
      "firstName": "Ross",
      "lastName": "Mcenany",
      "email": "rmcenany@hubspotpartners.com",
      "country": "Spain",
      "availableDates": [
        "2017-05-16",
        "2017-05-18",
        "2017-05-19",
        "2017-05-22",
        "2017-05-24",
        "2017-05-25",
        "2017-05-28",
        "2017-06-04"
      ]
    },
    {
      "firstName": "Tessa",
      "lastName": "Froiland",
      "email": "tfroiland@hubspotpartners.com",
      "country": "Spain",
      "availableDates": [
        "2017-05-16",
        "2017-05-18",
        "2017-05-19",
        "2017-05-20",
        "2017-05-24",
        "2017-05-25",
        "2017-05-29",
        "2017-05-30",
        "2017-06-01",
        "2017-06-02",
        "2017-06-03",
        "2017-06-08"
      ]
    },
    {
      "firstName": "Bobby",
      "lastName": "Finer",
      "email": "bfiner@hubspotpartners.com",
      "country": "Spain",
      "availableDates": [
        "2017-05-18",
        "2017-05-19",
        "2017-05-24",
        "2017-05-25",
        "2017-05-28",
        "2017-05-29",
        "2017-05-30",
        "2017-06-02"
      ]
    },
    {
      "firstName": "Hilario",
      "lastName": "Higa",
      "email": "hhiga@hubspotpartners.com",
      "country": "Spain",
      "availableDates": [
        "2017-05-22",
        "2017-06-03",
        "2017-06-04"
      ]
    },
    {
      "firstName": "Kris",
      "lastName": "Unger",
      "email": "kunger@hubspotpartners.com",
      "country": "Spain",
      "availableDates": [
        "2017-05-16",
        "2017-05-26",
        "2017-05-27",
        "2017-05-31",
        "2017-06-03",
        "2017-06-04"
      ]
    },
    {
      "firstName": "Manuel",
      "lastName": "Tacopino",
      "email": "mtacopino@hubspotpartners.com",
      "country": "Spain",
      "availableDates": [
        "2017-05-17",
        "2017-05-23",
        "2017-06-04",
        "2017-06-06"
      ]
    },
    {
      "firstName": "Yael",
      "lastName": "Stoeber",
      "email": "ystoeber@hubspotpartners.com",
      "country": "Spain",
      "availableDates": [
        "2017-05-16",
        "2017-05-26",
        "2017-05-28",
        "2017-05-31",
        "2017-06-03",
        "2017-06-09"
      ]
    },
    {
      "firstName": "Alfonzo",
      "lastName": "Forde",
      "email": "aforde@hubspotpartners.com",
      "country": "Spain",
      "availableDates": [
        "2017-05-21",
        "2017-05-26",
        "2017-05-27",
        "2017-05-30"
      ]
    },
    {
      "firstName": "Ward",
      "lastName": "Wesner",
      "email": "wwesner@hubspotpartners.com",
      "country": "Spain",
      "availableDates": [
        "2017-05-16",
        "2017-05-21",
        "2017-05-27",
        "2017-05-29",
        "2017-06-03"
      ]
    },
    {
      "firstName": "Ok",
      "lastName": "Betzner",
      "email": "obetzner@hubspotpartners.com",
      "country": "Spain",
      "availableDates": [
        "2017-05-20",
        "2017-05-21",
        "2017-05-26",
        "2017-05-29",
        "2017-06-02"
      ]
    },
    {
      "firstName": "Liza",
      "lastName": "Stabell",
      "email": "lstabell@hubspotpartners.com",
      "country": "Spain",
      "availableDates": [
        "2017-05-22",
        "2017-05-27",
        "2017-05-28",
        "2017-05-31",
        "2017-06-01",
        "2017-06-03"
      ]
    },
    {
      "firstName": "Thresa",
      "lastName": "Jubyna",
      "email": "tjubyna@hubspotpartners.com",
      "country": "Spain",
      "availableDates": [
        "2017-05-28",
        "2017-05-31",
        "2017-06-01",
        "2017-06-04",
        "2017-06-09"
      ]
    },
    {
      "firstName": "Leonia",
      "lastName": "Devries",
      "email": "ldevries@hubspotpartners.com",
      "country": "Spain",
      "availableDates": [
        "2017-05-16",
        "2017-05-20",
        "2017-05-22",
        "2017-05-29",
        "2017-05-30",
        "2017-06-01"
      ]
    },
    {
      "firstName": "Hana",
      "lastName": "Iozzi",
      "email": "hiozzi@hubspotpartners.com",
      "country": "Mexico",
      "availableDates": [
        "2017-05-23",
        "2017-05-24",
        "2017-05-30",
        "2017-06-01",
        "2017-06-03",
        "2017-06-06",
        "2017-06-07"
      ]
    },
    {
      "firstName": "Kyung",
      "lastName": "Arrospide",
      "email": "karrospide@hubspotpartners.com",
      "country": "Mexico",
      "availableDates": [
        "2017-05-23",
        "2017-05-24",
        "2017-05-26",
        "2017-05-30",
        "2017-06-04",
        "2017-06-05",
        "2017-06-06",
        "2017-06-07"
      ]
    },
    {
      "firstName": "Denise",
      "lastName": "Sudler",
      "email": "dsudler@hubspotpartners.com",
      "country": "Mexico",
      "availableDates": [
        "2017-05-20",
        "2017-05-21",
        "2017-05-23",
        "2017-05-24",
        "2017-05-26",
        "2017-06-06",
        "2017-06-07"
      ]
    },
    {
      "firstName": "Christiana",
      "lastName": "Sumbry",
      "email": "csumbry@hubspotpartners.com",
      "country": "Mexico",
      "availableDates": [
        "2017-05-20",
        "2017-05-22",
        "2017-05-23",
        "2017-05-24",
        "2017-05-31",
        "2017-06-06",
        "2017-06-07"
      ]
    },
    {
      "firstName": "Elke",
      "lastName": "Papich",
      "email": "epapich@hubspotpartners.com",
      "country": "Mexico",
      "availableDates": [
        "2017-05-19",
        "2017-05-23",
        "2017-05-24",
        "2017-05-27",
        "2017-05-30",
        "2017-06-02",
        "2017-06-05",
        "2017-06-06",
        "2017-06-07"
      ]
    },
    {
      "firstName": "Omer",
      "lastName": "Schwartzkopf",
      "email": "oschwartzkopf@hubspotpartners.com",
      "country": "Mexico",
      "availableDates": [
        "2017-05-20",
        "2017-05-21",
        "2017-05-23",
        "2017-05-24",
        "2017-05-31",
        "2017-06-01",
        "2017-06-02",
        "2017-06-03",
        "2017-06-04",
        "2017-06-05",
        "2017-06-06",
        "2017-06-07"
      ]
    },
    {
      "firstName": "Danyelle",
      "lastName": "Vilandre",
      "email": "dvilandre@hubspotpartners.com",
      "country": "Mexico",
      "availableDates": [
        "2017-05-21",
        "2017-05-23",
        "2017-05-24",
        "2017-05-31",
        "2017-06-02",
        "2017-06-06",
        "2017-06-07"
      ]
    },
    {
      "firstName": "Karly",
      "lastName": "Mruk",
      "email": "kmruk@hubspotpartners.com",
      "country": "Mexico",
      "availableDates": [
        "2017-05-22",
        "2017-05-23",
        "2017-05-24",
        "2017-05-26",
        "2017-05-31",
        "2017-06-02",
        "2017-06-03",
        "2017-06-05",
        "2017-06-06",
        "2017-06-07"
      ]
    },
    {
      "firstName": "Iva",
      "lastName": "Chabolla",
      "email": "ichabolla@hubspotpartners.com",
      "country": "Mexico",
      "availableDates": [
        "2017-05-20",
        "2017-05-23",
        "2017-05-24",
        "2017-05-26",
        "2017-05-29",
        "2017-06-06",
        "2017-06-07",
        "2017-06-11"
      ]
    },
    {
      "firstName": "Isela",
      "lastName": "Lehar",
      "email": "ilehar@hubspotpartners.com",
      "country": "Mexico",
      "availableDates": [
        "2017-05-20",
        "2017-05-21",
        "2017-05-22",
        "2017-05-23",
        "2017-05-24",
        "2017-06-05",
        "2017-06-06",
        "2017-06-07"
      ]
    },
    {
      "firstName": "Kevin",
      "lastName": "Kadow",
      "email": "kkadow@hubspotpartners.com",
      "country": "Mexico",
      "availableDates": [
        "2017-05-21",
        "2017-05-23",
        "2017-05-24",
        "2017-05-26",
        "2017-05-28",
        "2017-05-30",
        "2017-06-01",
        "2017-06-03",
        "2017-06-04",
        "2017-06-06",
        "2017-06-07"
      ]
    },
    {
      "firstName": "Elwood",
      "lastName": "Mcall",
      "email": "emcall@hubspotpartners.com",
      "country": "Mexico",
      "availableDates": [
        "2017-05-19",
        "2017-05-22",
        "2017-05-23",
        "2017-05-24",
        "2017-05-30",
        "2017-06-03",
        "2017-06-04",
        "2017-06-06",
        "2017-06-07",
        "2017-06-09",
        "2017-06-11"
      ]
    },
    {
      "firstName": "Brooke",
      "lastName": "Magarelli",
      "email": "bmagarelli@hubspotpartners.com",
      "country": "Mexico",
      "availableDates": [
        "2017-05-23",
        "2017-05-24",
        "2017-05-26",
        "2017-06-03",
        "2017-06-05",
        "2017-06-06",
        "2017-06-07",
        "2017-06-11"
      ]
    },
    {
      "firstName": "Charita",
      "lastName": "Tohill",
      "email": "ctohill@hubspotpartners.com",
      "country": "Mexico",
      "availableDates": [
        "2017-05-20",
        "2017-05-22",
        "2017-05-23",
        "2017-05-24",
        "2017-05-26",
        "2017-05-31",
        "2017-06-02",
        "2017-06-06",
        "2017-06-07"
      ]
    },
    {
      "firstName": "Bulah",
      "lastName": "Rawling",
      "email": "brawling@hubspotpartners.com",
      "country": "Mexico",
      "availableDates": [
        "2017-05-22",
        "2017-06-01",
        "2017-06-02",
        "2017-06-03",
        "2017-06-04"
      ]
    },
    {
      "firstName": "Paulene",
      "lastName": "Adeyemo",
      "email": "padeyemo@hubspotpartners.com",
      "country": "Mexico",
      "availableDates": [
        "2017-05-20",
        "2017-05-21",
        "2017-06-01"
      ]
    },
    {
      "firstName": "Juli",
      "lastName": "Wiltsie",
      "email": "jwiltsie@hubspotpartners.com",
      "country": "Mexico",
      "availableDates": [
        "2017-05-20",
        "2017-05-21",
        "2017-05-25",
        "2017-05-26",
        "2017-05-31",
        "2017-06-01",
        "2017-06-04"
      ]
    },
    {
      "firstName": "Teodora",
      "lastName": "Torpey",
      "email": "ttorpey@hubspotpartners.com",
      "country": "Mexico",
      "availableDates": [
        "2017-05-19",
        "2017-05-20",
        "2017-05-21",
        "2017-05-25",
        "2017-05-26",
        "2017-05-28",
        "2017-06-03"
      ]
    },
    {
      "firstName": "Shonta",
      "lastName": "Sartoris",
      "email": "ssartoris@hubspotpartners.com",
      "country": "Mexico",
      "availableDates": [
        "2017-05-19",
        "2017-05-26",
        "2017-06-04"
      ]
    },
    {
      "firstName": "Alonzo",
      "lastName": "Dunkley",
      "email": "adunkley@hubspotpartners.com",
      "country": "Mexico",
      "availableDates": [
        "2017-05-19",
        "2017-05-21",
        "2017-05-26",
        "2017-05-30",
        "2017-06-01",
        "2017-06-02",
        "2017-06-03",
        "2017-06-04",
        "2017-06-05",
        "2017-06-11"
      ]
    },
    {
      "firstName": "Keturah",
      "lastName": "Nestingen",
      "email": "knestingen@hubspotpartners.com",
      "country": "Mexico",
      "availableDates": [
        "2017-05-21",
        "2017-05-22",
        "2017-05-27",
        "2017-06-04",
        "2017-06-09"
      ]
    },
    {
      "firstName": "Phung",
      "lastName": "Geise",
      "email": "pgeise@hubspotpartners.com",
      "country": "Mexico",
      "availableDates": [
        "2017-05-19",
        "2017-05-21",
        "2017-05-31"
      ]
    },
    {
      "firstName": "Rickie",
      "lastName": "Calrk",
      "email": "rcalrk@hubspotpartners.com",
      "country": "Mexico",
      "availableDates": [
        "2017-05-21",
        "2017-05-22",
        "2017-05-30"
      ]
    },
    {
      "firstName": "Penelope",
      "lastName": "Bouras",
      "email": "pbouras@hubspotpartners.com",
      "country": "Mexico",
      "availableDates": [
        "2017-05-22",
        "2017-06-04"
      ]
    },
    {
      "firstName": "Goldie",
      "lastName": "Tenore",
      "email": "gtenore@hubspotpartners.com",
      "country": "Canada",
      "availableDates": [
        "2017-04-18",
        "2017-04-21",
        "2017-04-23",
        "2017-04-24",
        "2017-05-02",
        "2017-05-03",
        "2017-05-04",
        "2017-05-05",
        "2017-05-06"
      ]
    },
    {
      "firstName": "Ciara",
      "lastName": "Boote",
      "email": "cboote@hubspotpartners.com",
      "country": "Canada",
      "availableDates": [
        "2017-04-23",
        "2017-04-24",
        "2017-04-29",
        "2017-05-01",
        "2017-05-03",
        "2017-05-04",
        "2017-05-05",
        "2017-05-07"
      ]
    },
    {
      "firstName": "Sanjuana",
      "lastName": "Alim",
      "email": "salim@hubspotpartners.com",
      "country": "Canada",
      "availableDates": [
        "2017-04-18",
        "2017-04-19",
        "2017-04-21",
        "2017-04-23",
        "2017-04-24",
        "2017-04-25",
        "2017-04-29",
        "2017-05-01",
        "2017-05-03",
        "2017-05-04",
        "2017-05-05",
        "2017-05-06",
        "2017-05-11"
      ]
    },
    {
      "firstName": "Lavonne",
      "lastName": "Hipsher",
      "email": "lhipsher@hubspotpartners.com",
      "country": "Canada",
      "availableDates": [
        "2017-04-20",
        "2017-04-21",
        "2017-04-22",
        "2017-04-23",
        "2017-04-24",
        "2017-05-01",
        "2017-05-04",
        "2017-05-05",
        "2017-05-07"
      ]
    },
    {
      "firstName": "Dominique",
      "lastName": "Donndelinger",
      "email": "ddonndelinger@hubspotpartners.com",
      "country": "Canada",
      "availableDates": [
        "2017-04-23",
        "2017-04-24",
        "2017-04-27",
        "2017-04-28",
        "2017-04-29",
        "2017-05-02",
        "2017-05-04",
        "2017-05-05",
        "2017-05-07"
      ]
    },
    {
      "firstName": "Pa",
      "lastName": "Guintanilla",
      "email": "pguintanilla@hubspotpartners.com",
      "country": "Canada",
      "availableDates": [
        "2017-04-23",
        "2017-04-24",
        "2017-04-26",
        "2017-04-27",
        "2017-05-04",
        "2017-05-05",
        "2017-05-11"
      ]
    },
    {
      "firstName": "Spencer",
      "lastName": "Buechel",
      "email": "sbuechel@hubspotpartners.com",
      "country": "Canada",
      "availableDates": [
        "2017-04-19",
        "2017-04-23",
        "2017-04-24",
        "2017-04-27",
        "2017-04-29",
        "2017-05-03",
        "2017-05-04",
        "2017-05-05",
        "2017-05-06"
      ]
    },
    {
      "firstName": "Otto",
      "lastName": "Murdough",
      "email": "omurdough@hubspotpartners.com",
      "country": "Canada",
      "availableDates": [
        "2017-04-23",
        "2017-04-24",
        "2017-04-25",
        "2017-04-30",
        "2017-05-04",
        "2017-05-05",
        "2017-05-06"
      ]
    },
    {
      "firstName": "Phyliss",
      "lastName": "Gadley",
      "email": "pgadley@hubspotpartners.com",
      "country": "Canada",
      "availableDates": [
        "2017-04-23",
        "2017-04-24",
        "2017-04-26",
        "2017-04-27",
        "2017-05-03",
        "2017-05-04",
        "2017-05-05"
      ]
    },
    {
      "firstName": "Rosann",
      "lastName": "Caraveo",
      "email": "rcaraveo@hubspotpartners.com",
      "country": "Canada",
      "availableDates": [
        "2017-04-23",
        "2017-04-24",
        "2017-04-25",
        "2017-04-27",
        "2017-05-02",
        "2017-05-03",
        "2017-05-04",
        "2017-05-05",
        "2017-05-06",
        "2017-05-10"
      ]
    },
    {
      "firstName": "Kala",
      "lastName": "Sandri",
      "email": "ksandri@hubspotpartners.com",
      "country": "Canada",
      "availableDates": [
        "2017-04-23",
        "2017-04-24",
        "2017-04-26",
        "2017-04-27",
        "2017-05-03",
        "2017-05-04",
        "2017-05-05"
      ]
    },
    {
      "firstName": "Twanda",
      "lastName": "Belanich",
      "email": "tbelanich@hubspotpartners.com",
      "country": "Canada",
      "availableDates": [
        "2017-04-18",
        "2017-04-23",
        "2017-04-24",
        "2017-04-26",
        "2017-05-04",
        "2017-05-05",
        "2017-05-06",
        "2017-05-07",
        "2017-05-12"
      ]
    },
    {
      "firstName": "Merry",
      "lastName": "Resner",
      "email": "mresner@hubspotpartners.com",
      "country": "Canada",
      "availableDates": [
        "2017-04-18",
        "2017-04-19",
        "2017-04-23",
        "2017-04-24",
        "2017-04-29",
        "2017-05-04",
        "2017-05-05",
        "2017-05-07",
        "2017-05-12"
      ]
    },
    {
      "firstName": "Brett",
      "lastName": "Gouse",
      "email": "bgouse@hubspotpartners.com",
      "country": "Canada",
      "availableDates": [
        "2017-04-21",
        "2017-04-23",
        "2017-04-24",
        "2017-04-25",
        "2017-04-26",
        "2017-05-04",
        "2017-05-05",
        "2017-05-07"
      ]
    },
    {
      "firstName": "Amanda",
      "lastName": "Conover",
      "email": "aconover@hubspotpartners.com",
      "country": "Canada",
      "availableDates": [
        "2017-04-21",
        "2017-04-26",
        "2017-05-01",
        "2017-05-02"
      ]
    },
    {
      "firstName": "Vivian",
      "lastName": "Toniatti",
      "email": "vtoniatti@hubspotpartners.com",
      "country": "Canada",
      "availableDates": [
        "2017-04-19",
        "2017-04-25",
        "2017-05-02",
        "2017-05-06"
      ]
    },
    {
      "firstName": "Delisa",
      "lastName": "Rodrigez",
      "email": "drodrigez@hubspotpartners.com",
      "country": "Canada",
      "availableDates": [
        "2017-04-19",
        "2017-04-21",
        "2017-04-29",
        "2017-05-01"
      ]
    },
    {
      "firstName": "Hsiu",
      "lastName": "Oquendo",
      "email": "hoquendo@hubspotpartners.com",
      "country": "Canada",
      "availableDates": [
        "2017-04-19",
        "2017-04-20",
        "2017-04-27",
        "2017-05-02",
        "2017-05-03",
        "2017-05-07"
      ]
    },
    {
      "firstName": "Rich",
      "lastName": "Goy",
      "email": "rgoy@hubspotpartners.com",
      "country": "Canada",
      "availableDates": [
        "2017-04-26",
        "2017-04-29",
        "2017-05-06"
      ]
    },
    {
      "firstName": "Reiko",
      "lastName": "Maimone",
      "email": "rmaimone@hubspotpartners.com",
      "country": "Canada",
      "availableDates": [
        "2017-04-22",
        "2017-04-29",
        "2017-05-01",
        "2017-05-02",
        "2017-05-03"
      ]
    },
    {
      "firstName": "Jeannette",
      "lastName": "Toevs",
      "email": "jtoevs@hubspotpartners.com",
      "country": "Canada",
      "availableDates": [
        "2017-04-25",
        "2017-04-26",
        "2017-04-27",
        "2017-05-07"
      ]
    },
    {
      "firstName": "Reda",
      "lastName": "Stuffle",
      "email": "rstuffle@hubspotpartners.com",
      "country": "Canada",
      "availableDates": [
        "2017-04-25",
        "2017-04-27",
        "2017-04-29"
      ]
    },
    {
      "firstName": "Mellisa",
      "lastName": "Lemire",
      "email": "mlemire@hubspotpartners.com",
      "country": "Canada",
      "availableDates": [
        "2017-04-19",
        "2017-05-11"
      ]
    },
    {
      "firstName": "Kathy",
      "lastName": "Arendz",
      "email": "karendz@hubspotpartners.com",
      "country": "Canada",
      "availableDates": [
        "2017-04-19",
        "2017-04-25",
        "2017-04-26",
        "2017-04-29",
        "2017-05-02",
        "2017-05-03"
      ]
    },
    {
      "firstName": "Carmela",
      "lastName": "Humphries",
      "email": "chumphries@hubspotpartners.com",
      "country": "Singapore",
      "availableDates": [
        "2017-05-07",
        "2017-05-08",
        "2017-05-15",
        "2017-05-16",
        "2017-05-17",
        "2017-05-18"
      ]
    },
    {
      "firstName": "Nathan",
      "lastName": "Decree",
      "email": "ndecree@hubspotpartners.com",
      "country": "Singapore",
      "availableDates": [
        "2017-05-03",
        "2017-05-07",
        "2017-05-09",
        "2017-05-10",
        "2017-05-15",
        "2017-05-16",
        "2017-05-18",
        "2017-05-23"
      ]
    },
    {
      "firstName": "Ying",
      "lastName": "Batiste",
      "email": "ybatiste@hubspotpartners.com",
      "country": "Singapore",
      "availableDates": [
        "2017-05-02",
        "2017-05-07",
        "2017-05-08",
        "2017-05-09",
        "2017-05-10",
        "2017-05-15",
        "2017-05-16",
        "2017-05-17",
        "2017-05-18",
        "2017-05-19",
        "2017-05-20",
        "2017-05-23",
        "2017-05-25"
      ]
    },
    {
      "firstName": "Jayson",
      "lastName": "Matturro",
      "email": "jmatturro@hubspotpartners.com",
      "country": "Singapore",
      "availableDates": [
        "2017-05-02",
        "2017-05-03",
        "2017-05-08",
        "2017-05-13",
        "2017-05-15",
        "2017-05-16",
        "2017-05-18"
      ]
    },
    {
      "firstName": "Reina",
      "lastName": "Crise",
      "email": "rcrise@hubspotpartners.com",
      "country": "Singapore",
      "availableDates": [
        "2017-05-08",
        "2017-05-09",
        "2017-05-10",
        "2017-05-13",
        "2017-05-14",
        "2017-05-15",
        "2017-05-16"
      ]
    },
    {
      "firstName": "Madonna",
      "lastName": "Marmol",
      "email": "mmarmol@hubspotpartners.com",
      "country": "Singapore",
      "availableDates": [
        "2017-05-01",
        "2017-05-08",
        "2017-05-09",
        "2017-05-12",
        "2017-05-15",
        "2017-05-16",
        "2017-05-17",
        "2017-05-18"
      ]
    },
    {
      "firstName": "Carmina",
      "lastName": "Goldhorn",
      "email": "cgoldhorn@hubspotpartners.com",
      "country": "Singapore",
      "availableDates": [
        "2017-05-03",
        "2017-05-07",
        "2017-05-08",
        "2017-05-09",
        "2017-05-13",
        "2017-05-15",
        "2017-05-16",
        "2017-05-19",
        "2017-05-20"
      ]
    },
    {
      "firstName": "Laila",
      "lastName": "Bosquet",
      "email": "lbosquet@hubspotpartners.com",
      "country": "Singapore",
      "availableDates": [
        "2017-05-01",
        "2017-05-04",
        "2017-05-07",
        "2017-05-12",
        "2017-05-15",
        "2017-05-16"
      ]
    },
    {
      "firstName": "Tesha",
      "lastName": "Wohner",
      "email": "twohner@hubspotpartners.com",
      "country": "Singapore",
      "availableDates": [
        "2017-05-07",
        "2017-05-09",
        "2017-05-13",
        "2017-05-15",
        "2017-05-16",
        "2017-05-17",
        "2017-05-19",
        "2017-05-20"
      ]
    },
    {
      "firstName": "Tiffani",
      "lastName": "Fossa",
      "email": "tfossa@hubspotpartners.com",
      "country": "Singapore",
      "availableDates": [
        "2017-05-02",
        "2017-05-03",
        "2017-05-10",
        "2017-05-13",
        "2017-05-15",
        "2017-05-16",
        "2017-05-17",
        "2017-05-19"
      ]
    },
    {
      "firstName": "Amelia",
      "lastName": "Depratt",
      "email": "adepratt@hubspotpartners.com",
      "country": "Singapore",
      "availableDates": [
        "2017-05-03",
        "2017-05-09",
        "2017-05-10",
        "2017-05-14",
        "2017-05-15",
        "2017-05-16"
      ]
    },
    {
      "firstName": "Clelia",
      "lastName": "Kipper",
      "email": "ckipper@hubspotpartners.com",
      "country": "Singapore",
      "availableDates": [
        "2017-05-03",
        "2017-05-08",
        "2017-05-09",
        "2017-05-10",
        "2017-05-15",
        "2017-05-16",
        "2017-05-20"
      ]
    },
    {
      "firstName": "Serita",
      "lastName": "Dorsette",
      "email": "sdorsette@hubspotpartners.com",
      "country": "Singapore",
      "availableDates": [
        "2017-05-01",
        "2017-05-07",
        "2017-05-09",
        "2017-05-10",
        "2017-05-15",
        "2017-05-16"
      ]
    },
    {
      "firstName": "Gerard",
      "lastName": "Stellman",
      "email": "gstellman@hubspotpartners.com",
      "country": "Singapore",
      "availableDates": [
        "2017-05-07",
        "2017-05-08",
        "2017-05-12",
        "2017-05-13",
        "2017-05-15",
        "2017-05-16",
        "2017-05-20"
      ]
    },
    {
      "firstName": "Valda",
      "lastName": "Hyppolite",
      "email": "vhyppolite@hubspotpartners.com",
      "country": "Singapore",
      "availableDates": [
        "2017-05-02",
        "2017-05-04",
        "2017-05-13",
        "2017-05-15",
        "2017-05-16",
        "2017-05-17",
        "2017-05-19"
      ]
    },
    {
      "firstName": "Nanette",
      "lastName": "Coughlin",
      "email": "ncoughlin@hubspotpartners.com",
      "country": "Singapore",
      "availableDates": [
        "2017-05-01",
        "2017-05-10",
        "2017-05-12",
        "2017-05-18",
        "2017-05-19",
        "2017-05-25"
      ]
    },
    {
      "firstName": "Tonja",
      "lastName": "Widby",
      "email": "twidby@hubspotpartners.com",
      "country": "Singapore",
      "availableDates": [
        "2017-05-01",
        "2017-05-07",
        "2017-05-10",
        "2017-05-12",
        "2017-05-13",
        "2017-05-18",
        "2017-05-22"
      ]
    },
    {
      "firstName": "Chieko",
      "lastName": "Paltanavage",
      "email": "cpaltanavage@hubspotpartners.com",
      "country": "Singapore",
      "availableDates": [
        "2017-05-01",
        "2017-05-03",
        "2017-05-04",
        "2017-05-08",
        "2017-05-09",
        "2017-05-19"
      ]
    },
    {
      "firstName": "Lawanda",
      "lastName": "Francescon",
      "email": "lfrancescon@hubspotpartners.com",
      "country": "Singapore",
      "availableDates": [
        "2017-05-01",
        "2017-05-08",
        "2017-05-09",
        "2017-05-13",
        "2017-05-17",
        "2017-05-20"
      ]
    },
    {
      "firstName": "Susanna",
      "lastName": "Terra",
      "email": "sterra@hubspotpartners.com",
      "country": "Singapore",
      "availableDates": [
        "2017-05-01",
        "2017-05-02",
        "2017-05-04",
        "2017-05-09",
        "2017-05-17",
        "2017-05-19"
      ]
    },
    {
      "firstName": "Monroe",
      "lastName": "Capuano",
      "email": "mcapuano@hubspotpartners.com",
      "country": "Singapore",
      "availableDates": [
        "2017-05-01",
        "2017-05-02",
        "2017-05-03",
        "2017-05-05",
        "2017-05-08"
      ]
    },
    {
      "firstName": "Deandrea",
      "lastName": "Peairs",
      "email": "dpeairs@hubspotpartners.com",
      "country": "Singapore",
      "availableDates": [
        "2017-05-01",
        "2017-05-07",
        "2017-05-17",
        "2017-05-18",
        "2017-05-19"
      ]
    },
    {
      "firstName": "Olive",
      "lastName": "Herling",
      "email": "oherling@hubspotpartners.com",
      "country": "Singapore",
      "availableDates": [
        "2017-05-01",
        "2017-05-04",
        "2017-05-07",
        "2017-05-08",
        "2017-05-13",
        "2017-05-17"
      ]
    },
    {
      "firstName": "Patty",
      "lastName": "Schutzenhofer",
      "email": "pschutzenhofer@hubspotpartners.com",
      "country": "Singapore",
      "availableDates": [
        "2017-05-03",
        "2017-05-07",
        "2017-05-08",
        "2017-05-18"
      ]
    },
    {
      "firstName": "Domitila",
      "lastName": "Slaughter",
      "email": "dslaughter@hubspotpartners.com",
      "country": "Singapore",
      "availableDates": [
        "2017-05-09",
        "2017-05-10",
        "2017-05-13",
        "2017-05-19",
        "2017-05-20"
      ]
    },
    {
      "firstName": "Herta",
      "lastName": "Hussey",
      "email": "hhussey@hubspotpartners.com",
      "country": "Japan",
      "availableDates": [
        "2017-06-19",
        "2017-06-21",
        "2017-06-22",
        "2017-06-23",
        "2017-06-26",
        "2017-06-27",
        "2017-06-28",
        "2017-06-29",
        "2017-07-01",
        "2017-07-03"
      ]
    },
    {
      "firstName": "Whitney",
      "lastName": "Macqueen",
      "email": "wmacqueen@hubspotpartners.com",
      "country": "Japan",
      "availableDates": [
        "2017-06-13",
        "2017-06-14",
        "2017-06-16",
        "2017-06-20",
        "2017-06-22",
        "2017-06-23",
        "2017-06-26",
        "2017-06-27",
        "2017-07-01"
      ]
    },
    {
      "firstName": "Garfield",
      "lastName": "Rockefeller",
      "email": "grockefeller@hubspotpartners.com",
      "country": "Japan",
      "availableDates": [
        "2017-06-16",
        "2017-06-22",
        "2017-06-23",
        "2017-06-26",
        "2017-06-27",
        "2017-06-28",
        "2017-07-01",
        "2017-07-05"
      ]
    },
    {
      "firstName": "Timothy",
      "lastName": "Sulzman",
      "email": "tsulzman@hubspotpartners.com",
      "country": "Japan",
      "availableDates": [
        "2017-06-12",
        "2017-06-14",
        "2017-06-16",
        "2017-06-19",
        "2017-06-22",
        "2017-06-23",
        "2017-06-24",
        "2017-06-25",
        "2017-06-26",
        "2017-06-27",
        "2017-07-03"
      ]
    },
    {
      "firstName": "Selina",
      "lastName": "Heibel",
      "email": "sheibel@hubspotpartners.com",
      "country": "Japan",
      "availableDates": [
        "2017-06-14",
        "2017-06-15",
        "2017-06-16",
        "2017-06-19",
        "2017-06-22",
        "2017-06-23",
        "2017-06-24",
        "2017-06-26",
        "2017-06-27"
      ]
    },
    {
      "firstName": "Ocie",
      "lastName": "Patlan",
      "email": "opatlan@hubspotpartners.com",
      "country": "Japan",
      "availableDates": [
        "2017-06-18",
        "2017-06-22",
        "2017-06-23",
        "2017-06-26",
        "2017-06-27",
        "2017-06-28",
        "2017-06-29",
        "2017-06-30",
        "2017-07-01"
      ]
    },
    {
      "firstName": "Chanel",
      "lastName": "Dundas",
      "email": "cdundas@hubspotpartners.com",
      "country": "Japan",
      "availableDates": [
        "2017-06-13",
        "2017-06-15",
        "2017-06-16",
        "2017-06-20",
        "2017-06-22",
        "2017-06-23",
        "2017-06-26",
        "2017-06-27",
        "2017-07-01"
      ]
    },
    {
      "firstName": "Nydia",
      "lastName": "Congo",
      "email": "ncongo@hubspotpartners.com",
      "country": "Japan",
      "availableDates": [
        "2017-06-13",
        "2017-06-14",
        "2017-06-22",
        "2017-06-23",
        "2017-06-24",
        "2017-06-25",
        "2017-06-26",
        "2017-06-27",
        "2017-06-29"
      ]
    },
    {
      "firstName": "Renate",
      "lastName": "Saran",
      "email": "rsaran@hubspotpartners.com",
      "country": "Japan",
      "availableDates": [
        "2017-06-13",
        "2017-06-14",
        "2017-06-15",
        "2017-06-16",
        "2017-06-22",
        "2017-06-23",
        "2017-06-24",
        "2017-06-26",
        "2017-06-27",
        "2017-07-01"
      ]
    },
    {
      "firstName": "Ericka",
      "lastName": "Tilzer",
      "email": "etilzer@hubspotpartners.com",
      "country": "Japan",
      "availableDates": [
        "2017-06-16",
        "2017-06-22",
        "2017-06-23",
        "2017-06-24",
        "2017-06-25",
        "2017-06-26",
        "2017-06-27",
        "2017-06-28"
      ]
    },
    {
      "firstName": "Lucas",
      "lastName": "Jungquist",
      "email": "ljungquist@hubspotpartners.com",
      "country": "Japan",
      "availableDates": [
        "2017-06-12",
        "2017-06-14",
        "2017-06-15",
        "2017-06-19",
        "2017-06-21",
        "2017-06-22",
        "2017-06-23",
        "2017-06-24",
        "2017-06-26",
        "2017-06-27"
      ]
    },
    {
      "firstName": "Stacee",
      "lastName": "Robeza",
      "email": "srobeza@hubspotpartners.com",
      "country": "Japan",
      "availableDates": [
        "2017-06-13",
        "2017-06-16",
        "2017-06-22",
        "2017-06-23",
        "2017-06-24",
        "2017-06-26",
        "2017-06-27",
        "2017-06-28",
        "2017-06-29",
        "2017-07-01"
      ]
    },
    {
      "firstName": "Arielle",
      "lastName": "Parizek",
      "email": "aparizek@hubspotpartners.com",
      "country": "Japan",
      "availableDates": [
        "2017-06-12",
        "2017-06-18",
        "2017-06-21",
        "2017-06-22",
        "2017-06-23",
        "2017-06-24",
        "2017-06-26",
        "2017-06-27",
        "2017-07-04"
      ]
    },
    {
      "firstName": "Gisela",
      "lastName": "Molinski",
      "email": "gmolinski@hubspotpartners.com",
      "country": "Japan",
      "availableDates": [
        "2017-06-20",
        "2017-06-22",
        "2017-06-23",
        "2017-06-26",
        "2017-06-27",
        "2017-06-30",
        "2017-07-01"
      ]
    },
    {
      "firstName": "Nicky",
      "lastName": "Enix",
      "email": "nenix@hubspotpartners.com",
      "country": "Japan",
      "availableDates": [
        "2017-06-15",
        "2017-06-16",
        "2017-06-22",
        "2017-06-23",
        "2017-06-26",
        "2017-06-27",
        "2017-06-28",
        "2017-07-06"
      ]
    },
    {
      "firstName": "Chas",
      "lastName": "Kapsalis",
      "email": "ckapsalis@hubspotpartners.com",
      "country": "Japan",
      "availableDates": [
        "2017-06-14",
        "2017-06-15",
        "2017-06-18",
        "2017-06-21",
        "2017-06-28",
        "2017-06-29"
      ]
    },
    {
      "firstName": "Jerrica",
      "lastName": "Heitger",
      "email": "jheitger@hubspotpartners.com",
      "country": "Japan",
      "availableDates": [
        "2017-06-14",
        "2017-06-15",
        "2017-06-16",
        "2017-06-25",
        "2017-07-04"
      ]
    },
    {
      "firstName": "Jackeline",
      "lastName": "Zihal",
      "email": "jzihal@hubspotpartners.com",
      "country": "Japan",
      "availableDates": [
        "2017-06-14",
        "2017-06-15",
        "2017-06-24",
        "2017-06-30",
        "2017-07-01"
      ]
    },
    {
      "firstName": "Angelia",
      "lastName": "Haser",
      "email": "ahaser@hubspotpartners.com",
      "country": "Japan",
      "availableDates": [
        "2017-06-12",
        "2017-06-15",
        "2017-06-16",
        "2017-06-19",
        "2017-06-21",
        "2017-06-24",
        "2017-06-29"
      ]
    },
    {
      "firstName": "Giuseppina",
      "lastName": "Aiona",
      "email": "gaiona@hubspotpartners.com",
      "country": "Japan",
      "availableDates": [
        "2017-06-14",
        "2017-06-16",
        "2017-06-19",
        "2017-06-24"
      ]
    },
    {
      "firstName": "Owen",
      "lastName": "Augustine",
      "email": "oaugustine@hubspotpartners.com",
      "country": "Japan",
      "availableDates": [
        "2017-06-18",
        "2017-06-21"
      ]
    },
    {
      "firstName": "Marcus",
      "lastName": "Moniak",
      "email": "mmoniak@hubspotpartners.com",
      "country": "Japan",
      "availableDates": [
        "2017-06-14"
      ]
    },
    {
      "firstName": "Elijah",
      "lastName": "Prohonic",
      "email": "eprohonic@hubspotpartners.com",
      "country": "Japan",
      "availableDates": [
        "2017-06-19",
        "2017-06-30"
      ]
    },
    {
      "firstName": "Marin",
      "lastName": "Spark",
      "email": "mspark@hubspotpartners.com",
      "country": "Japan",
      "availableDates": [
        "2017-06-14",
        "2017-06-15",
        "2017-06-19",
        "2017-06-24",
        "2017-06-28",
        "2017-07-01"
      ]
    },
    {
      "firstName": "Shayla",
      "lastName": "Tatters",
      "email": "statters@hubspotpartners.com",
      "country": "Japan",
      "availableDates": [
        "2017-06-14",
        "2017-06-19",
        "2017-06-24",
        "2017-06-29",
        "2017-07-01"
      ]
    },
    {
      "firstName": "Zachery",
      "lastName": "Frisino",
      "email": "zfrisino@hubspotpartners.com",
      "country": "United Kingdom",
      "availableDates": [
        "2017-04-20",
        "2017-04-21",
        "2017-04-25",
        "2017-04-26",
        "2017-04-27",
        "2017-05-01",
        "2017-05-06",
        "2017-05-07"
      ]
    },
    {
      "firstName": "Piedad",
      "lastName": "Fleharty",
      "email": "pfleharty@hubspotpartners.com",
      "country": "United Kingdom",
      "availableDates": [
        "2017-04-20",
        "2017-04-23",
        "2017-04-24",
        "2017-04-25",
        "2017-04-26",
        "2017-04-27",
        "2017-04-30",
        "2017-05-02",
        "2017-05-06",
        "2017-05-07"
      ]
    },
    {
      "firstName": "May",
      "lastName": "Clater",
      "email": "mclater@hubspotpartners.com",
      "country": "United Kingdom",
      "availableDates": [
        "2017-04-26",
        "2017-04-27",
        "2017-04-29",
        "2017-05-03",
        "2017-05-04",
        "2017-05-06",
        "2017-05-07"
      ]
    },
    {
      "firstName": "Wei",
      "lastName": "Reves",
      "email": "wreves@hubspotpartners.com",
      "country": "United Kingdom",
      "availableDates": [
        "2017-04-23",
        "2017-04-24",
        "2017-04-26",
        "2017-04-27",
        "2017-04-29",
        "2017-04-30",
        "2017-05-01",
        "2017-05-02",
        "2017-05-03",
        "2017-05-06",
        "2017-05-07",
        "2017-05-08",
        "2017-05-13"
      ]
    },
    {
      "firstName": "Deon",
      "lastName": "Kellermann",
      "email": "dkellermann@hubspotpartners.com",
      "country": "United Kingdom",
      "availableDates": [
        "2017-04-23",
        "2017-04-26",
        "2017-04-27",
        "2017-04-30",
        "2017-05-01",
        "2017-05-03",
        "2017-05-06",
        "2017-05-07"
      ]
    },
    {
      "firstName": "Leslie",
      "lastName": "Boslet",
      "email": "lboslet@hubspotpartners.com",
      "country": "United Kingdom",
      "availableDates": [
        "2017-04-23",
        "2017-04-25",
        "2017-04-26",
        "2017-04-27",
        "2017-04-29",
        "2017-05-06",
        "2017-05-07"
      ]
    },
    {
      "firstName": "Corazon",
      "lastName": "Spaziano",
      "email": "cspaziano@hubspotpartners.com",
      "country": "United Kingdom",
      "availableDates": [
        "2017-04-20",
        "2017-04-24",
        "2017-04-26",
        "2017-04-27",
        "2017-05-01",
        "2017-05-06",
        "2017-05-07"
      ]
    },
    {
      "firstName": "Hue",
      "lastName": "Secunda",
      "email": "hsecunda@hubspotpartners.com",
      "country": "United Kingdom",
      "availableDates": [
        "2017-04-21",
        "2017-04-26",
        "2017-04-27",
        "2017-05-02",
        "2017-05-03",
        "2017-05-06",
        "2017-05-07",
        "2017-05-11"
      ]
    },
    {
      "firstName": "Azalee",
      "lastName": "Hidinger",
      "email": "ahidinger@hubspotpartners.com",
      "country": "United Kingdom",
      "availableDates": [
        "2017-04-25",
        "2017-04-26",
        "2017-04-27",
        "2017-05-01",
        "2017-05-03",
        "2017-05-06",
        "2017-05-07"
      ]
    },
    {
      "firstName": "Katheleen",
      "lastName": "Dominga",
      "email": "kdominga@hubspotpartners.com",
      "country": "United Kingdom",
      "availableDates": [
        "2017-04-20",
        "2017-04-25",
        "2017-04-26",
        "2017-04-27",
        "2017-05-06",
        "2017-05-07"
      ]
    },
    {
      "firstName": "Rolanda",
      "lastName": "Wurm",
      "email": "rwurm@hubspotpartners.com",
      "country": "United Kingdom",
      "availableDates": [
        "2017-04-19",
        "2017-04-20",
        "2017-04-23",
        "2017-04-26",
        "2017-04-27",
        "2017-04-29",
        "2017-05-02",
        "2017-05-06",
        "2017-05-07"
      ]
    },
    {
      "firstName": "Emelda",
      "lastName": "Goepfarth",
      "email": "egoepfarth@hubspotpartners.com",
      "country": "United Kingdom",
      "availableDates": [
        "2017-04-22",
        "2017-04-24",
        "2017-04-26",
        "2017-04-27",
        "2017-04-30",
        "2017-05-04",
        "2017-05-06",
        "2017-05-07",
        "2017-05-13"
      ]
    },
    {
      "firstName": "Theola",
      "lastName": "Parkey",
      "email": "tparkey@hubspotpartners.com",
      "country": "United Kingdom",
      "availableDates": [
        "2017-04-20",
        "2017-04-25",
        "2017-04-26",
        "2017-04-27",
        "2017-04-29",
        "2017-04-30",
        "2017-05-01",
        "2017-05-02",
        "2017-05-03",
        "2017-05-06",
        "2017-05-07"
      ]
    },
    {
      "firstName": "Samara",
      "lastName": "Deprato",
      "email": "sdeprato@hubspotpartners.com",
      "country": "United Kingdom",
      "availableDates": [
        "2017-04-26",
        "2017-04-27",
        "2017-04-29",
        "2017-04-30",
        "2017-05-01",
        "2017-05-03",
        "2017-05-06",
        "2017-05-07"
      ]
    },
    {
      "firstName": "Oswaldo",
      "lastName": "Bloodgood",
      "email": "obloodgood@hubspotpartners.com",
      "country": "United Kingdom",
      "availableDates": [
        "2017-04-21",
        "2017-04-26",
        "2017-04-27",
        "2017-05-01",
        "2017-05-02",
        "2017-05-03",
        "2017-05-06",
        "2017-05-07",
        "2017-05-08"
      ]
    },
    {
      "firstName": "Nakisha",
      "lastName": "Grat",
      "email": "ngrat@hubspotpartners.com",
      "country": "United Kingdom",
      "availableDates": [
        "2017-05-04"
      ]
    },
    {
      "firstName": "Dimple",
      "lastName": "Bassler",
      "email": "dbassler@hubspotpartners.com",
      "country": "United Kingdom",
      "availableDates": [
        "2017-04-23",
        "2017-04-29",
        "2017-05-01",
        "2017-05-03"
      ]
    },
    {
      "firstName": "Adriane",
      "lastName": "Gerrero",
      "email": "agerrero@hubspotpartners.com",
      "country": "United Kingdom",
      "availableDates": [
        "2017-04-19",
        "2017-04-20",
        "2017-05-01"
      ]
    },
    {
      "firstName": "Starr",
      "lastName": "Fenderson",
      "email": "sfenderson@hubspotpartners.com",
      "country": "United Kingdom",
      "availableDates": [
        "2017-04-23",
        "2017-04-30",
        "2017-05-01",
        "2017-05-08"
      ]
    },
    {
      "firstName": "Erik",
      "lastName": "Rimson",
      "email": "erimson@hubspotpartners.com",
      "country": "United Kingdom",
      "availableDates": [
        "2017-04-23",
        "2017-04-29",
        "2017-04-30",
        "2017-05-01",
        "2017-05-12"
      ]
    },
    {
      "firstName": "Verna",
      "lastName": "Boudreau",
      "email": "vboudreau@hubspotpartners.com",
      "country": "United Kingdom",
      "availableDates": [
        "2017-04-23",
        "2017-04-24",
        "2017-04-25",
        "2017-04-30"
      ]
    },
    {
      "firstName": "Ricardo",
      "lastName": "Cheli",
      "email": "rcheli@hubspotpartners.com",
      "country": "United Kingdom",
      "availableDates": [
        "2017-04-24",
        "2017-04-29",
        "2017-05-01",
        "2017-05-02",
        "2017-05-03",
        "2017-05-04"
      ]
    },
    {
      "firstName": "Bonny",
      "lastName": "Mosier",
      "email": "bmosier@hubspotpartners.com",
      "country": "United Kingdom",
      "availableDates": [
        "2017-04-30"
      ]
    },
    {
      "firstName": "Lesia",
      "lastName": "Hardon",
      "email": "lhardon@hubspotpartners.com",
      "country": "United Kingdom",
      "availableDates": [
        "2017-04-21",
        "2017-04-29",
        "2017-04-30"
      ]
    },
    {
      "firstName": "Elias",
      "lastName": "Kanatzar",
      "email": "ekanatzar@hubspotpartners.com",
      "country": "United Kingdom",
      "availableDates": [
        "2017-04-21",
        "2017-04-25",
        "2017-04-29",
        "2017-05-02",
        "2017-05-03",
        "2017-05-13"
      ]
    },
    {
      "firstName": "Shandra",
      "lastName": "Minniti",
      "email": "sminniti@hubspotpartners.com",
      "country": "France",
      "availableDates": [
        "2017-05-28",
        "2017-05-29",
        "2017-05-30",
        "2017-06-04",
        "2017-06-05",
        "2017-06-06",
        "2017-06-07",
        "2017-06-14",
        "2017-06-15",
        "2017-06-16",
        "2017-06-19",
        "2017-06-20"
      ]
    },
    {
      "firstName": "Ardell",
      "lastName": "Tompkin",
      "email": "atompkin@hubspotpartners.com",
      "country": "France",
      "availableDates": [
        "2017-06-03",
        "2017-06-06",
        "2017-06-07",
        "2017-06-09",
        "2017-06-13",
        "2017-06-15",
        "2017-06-16",
        "2017-06-20"
      ]
    },
    {
      "firstName": "Freida",
      "lastName": "Eayrs",
      "email": "feayrs@hubspotpartners.com",
      "country": "France",
      "availableDates": [
        "2017-05-29",
        "2017-05-30",
        "2017-06-01",
        "2017-06-06",
        "2017-06-07",
        "2017-06-09",
        "2017-06-10",
        "2017-06-15",
        "2017-06-16",
        "2017-06-20"
      ]
    },
    {
      "firstName": "Colene",
      "lastName": "Tulloch",
      "email": "ctulloch@hubspotpartners.com",
      "country": "France",
      "availableDates": [
        "2017-06-06",
        "2017-06-07",
        "2017-06-09",
        "2017-06-14",
        "2017-06-15",
        "2017-06-16",
        "2017-06-20"
      ]
    },
    {
      "firstName": "Loren",
      "lastName": "Gullett",
      "email": "lgullett@hubspotpartners.com",
      "country": "France",
      "availableDates": [
        "2017-05-28",
        "2017-05-29",
        "2017-06-06",
        "2017-06-07",
        "2017-06-13",
        "2017-06-15",
        "2017-06-16",
        "2017-06-20"
      ]
    },
    {
      "firstName": "Lorraine",
      "lastName": "Griest",
      "email": "lgriest@hubspotpartners.com",
      "country": "France",
      "availableDates": [
        "2017-05-30",
        "2017-05-31",
        "2017-06-06",
        "2017-06-07",
        "2017-06-14",
        "2017-06-15",
        "2017-06-16",
        "2017-06-20"
      ]
    },
    {
      "firstName": "Magnolia",
      "lastName": "Leesmann",
      "email": "mleesmann@hubspotpartners.com",
      "country": "France",
      "availableDates": [
        "2017-05-28",
        "2017-05-30",
        "2017-06-04",
        "2017-06-05",
        "2017-06-06",
        "2017-06-07",
        "2017-06-09",
        "2017-06-13",
        "2017-06-14",
        "2017-06-15",
        "2017-06-16",
        "2017-06-20"
      ]
    },
    {
      "firstName": "Adelia",
      "lastName": "Cajucom",
      "email": "acajucom@hubspotpartners.com",
      "country": "France",
      "availableDates": [
        "2017-05-29",
        "2017-06-03",
        "2017-06-04",
        "2017-06-06",
        "2017-06-07",
        "2017-06-13",
        "2017-06-14",
        "2017-06-15",
        "2017-06-16",
        "2017-06-20"
      ]
    },
    {
      "firstName": "Takako",
      "lastName": "Kleven",
      "email": "tkleven@hubspotpartners.com",
      "country": "France",
      "availableDates": [
        "2017-05-28",
        "2017-06-04",
        "2017-06-06",
        "2017-06-07",
        "2017-06-13",
        "2017-06-14",
        "2017-06-15",
        "2017-06-16",
        "2017-06-20"
      ]
    },
    {
      "firstName": "Caroll",
      "lastName": "Brezinka",
      "email": "cbrezinka@hubspotpartners.com",
      "country": "France",
      "availableDates": [
        "2017-05-28",
        "2017-06-01",
        "2017-06-02",
        "2017-06-06",
        "2017-06-07",
        "2017-06-13",
        "2017-06-14",
        "2017-06-15",
        "2017-06-16",
        "2017-06-20"
      ]
    },
    {
      "firstName": "Lorenzo",
      "lastName": "Monckton",
      "email": "lmonckton@hubspotpartners.com",
      "country": "France",
      "availableDates": [
        "2017-06-06",
        "2017-06-07",
        "2017-06-14",
        "2017-06-15",
        "2017-06-16",
        "2017-06-20"
      ]
    },
    {
      "firstName": "Eldridge",
      "lastName": "Beauliev",
      "email": "ebeauliev@hubspotpartners.com",
      "country": "France",
      "availableDates": [
        "2017-05-30",
        "2017-06-01",
        "2017-06-02",
        "2017-06-06",
        "2017-06-07",
        "2017-06-12",
        "2017-06-13",
        "2017-06-14",
        "2017-06-15",
        "2017-06-16",
        "2017-06-20"
      ]
    },
    {
      "firstName": "Shakira",
      "lastName": "Ferraiolo",
      "email": "sferraiolo@hubspotpartners.com",
      "country": "France",
      "availableDates": [
        "2017-05-30",
        "2017-06-01",
        "2017-06-06",
        "2017-06-07",
        "2017-06-11",
        "2017-06-13",
        "2017-06-15",
        "2017-06-16",
        "2017-06-20"
      ]
    },
    {
      "firstName": "Patricia",
      "lastName": "Laessig",
      "email": "plaessig@hubspotpartners.com",
      "country": "France",
      "availableDates": [
        "2017-05-29",
        "2017-06-01",
        "2017-06-03",
        "2017-06-06",
        "2017-06-07",
        "2017-06-13",
        "2017-06-15",
        "2017-06-16",
        "2017-06-20"
      ]
    },
    {
      "firstName": "Theda",
      "lastName": "Heberle",
      "email": "theberle@hubspotpartners.com",
      "country": "France",
      "availableDates": [
        "2017-06-02",
        "2017-06-06",
        "2017-06-07",
        "2017-06-09",
        "2017-06-15",
        "2017-06-16",
        "2017-06-20"
      ]
    },
    {
      "firstName": "Lauren",
      "lastName": "Irzyk",
      "email": "lirzyk@hubspotpartners.com",
      "country": "France",
      "availableDates": [
        "2017-05-28",
        "2017-06-06",
        "2017-06-07",
        "2017-06-09",
        "2017-06-13",
        "2017-06-15",
        "2017-06-16",
        "2017-06-20"
      ]
    },
    {
      "firstName": "Alesha",
      "lastName": "Buonanno",
      "email": "abuonanno@hubspotpartners.com",
      "country": "France",
      "availableDates": [
        "2017-06-20"
      ]
    },
    {
      "firstName": "Roosevelt",
      "lastName": "Lessmann",
      "email": "rlessmann@hubspotpartners.com",
      "country": "France",
      "availableDates": [
        "2017-05-30",
        "2017-06-02",
        "2017-06-03",
        "2017-06-04",
        "2017-06-10",
        "2017-06-20"
      ]
    },
    {
      "firstName": "Lurlene",
      "lastName": "Harte",
      "email": "lharte@hubspotpartners.com",
      "country": "France",
      "availableDates": [
        "2017-05-29",
        "2017-05-30",
        "2017-06-03",
        "2017-06-05",
        "2017-06-13",
        "2017-06-20"
      ]
    },
    {
      "firstName": "Leone",
      "lastName": "Cromeans",
      "email": "lcromeans@hubspotpartners.com",
      "country": "France",
      "availableDates": [
        "2017-06-14",
        "2017-06-20",
        "2017-06-21"
      ]
    },
    {
      "firstName": "Dann",
      "lastName": "Frodsham",
      "email": "dfrodsham@hubspotpartners.com",
      "country": "France",
      "availableDates": [
        "2017-06-02",
        "2017-06-03",
        "2017-06-08",
        "2017-06-13",
        "2017-06-14",
        "2017-06-19",
        "2017-06-20"
      ]
    },
    {
      "firstName": "Hoyt",
      "lastName": "Larabell",
      "email": "hlarabell@hubspotpartners.com",
      "country": "France",
      "availableDates": [
        "2017-05-30",
        "2017-06-02",
        "2017-06-03",
        "2017-06-14",
        "2017-06-20"
      ]
    },
    {
      "firstName": "Carmelia",
      "lastName": "Stonebraker",
      "email": "cstonebraker@hubspotpartners.com",
      "country": "France",
      "availableDates": [
        "2017-05-28",
        "2017-05-29",
        "2017-05-30",
        "2017-06-09",
        "2017-06-10",
        "2017-06-20",
        "2017-06-21"
      ]
    },
    {
      "firstName": "Maximo",
      "lastName": "Lanese",
      "email": "mlanese@hubspotpartners.com",
      "country": "France",
      "availableDates": [
        "2017-06-05",
        "2017-06-08",
        "2017-06-09",
        "2017-06-13",
        "2017-06-14",
        "2017-06-19",
        "2017-06-20"
      ]
    },
    {
      "firstName": "Lin",
      "lastName": "Carvin",
      "email": "lcarvin@hubspotpartners.com",
      "country": "France",
      "availableDates": [
        "2017-05-31",
        "2017-06-01",
        "2017-06-10",
        "2017-06-11",
        "2017-06-13",
        "2017-06-20"
      ]
    },
    {
      "firstName": "Rod",
      "lastName": "Burchess",
      "email": "rburchess@hubspotpartners.com",
      "country": "France",
      "availableDates": [
        "2017-05-28",
        "2017-05-30",
        "2017-06-03",
        "2017-06-04",
        "2017-06-05",
        "2017-06-20"
      ]
    }
  ]
}